,EventName
1,Bahrain Grand Prix
2,Saudi Arabian Grand Prix
3,Australian Grand Prix
4,Azerbaijan Grand Prix
5,Miami Grand Prix
6,Monaco Grand Prix
7,Spanish Grand Prix
8,Canadian Grand Prix
9,Austrian Grand Prix
10,British Grand Prix
11,Hungarian Grand Prix
12,Belgian Grand Prix
13,Dutch Grand Prix
14,Italian Grand Prix
15,Singapore Grand Prix
16,Japanese Grand Prix
17,Qatar Grand Prix
18,United States Grand Prix
19,Mexico City Grand Prix
20,SÃ£o Paulo Grand Prix
21,Las Vegas Grand Prix
22,Abu Dhabi Grand Prix
